PRAGMA foreign_keys=OFF;
BEGIN TRANSACTION;
CREATE TABLE IF NOT EXISTS "migrations" ("id" integer primary key autoincrement not null, "migration" varchar not null, "batch" integer not null);
INSERT INTO migrations VALUES(1,'0001_01_01_000000_create_users_table',1);
INSERT INTO migrations VALUES(2,'0001_01_01_000001_create_cache_table',1);
INSERT INTO migrations VALUES(3,'0001_01_01_000002_create_jobs_table',1);
INSERT INTO migrations VALUES(4,'2025_08_26_100418_add_two_factor_columns_to_users_table',1);
INSERT INTO migrations VALUES(5,'2025_10_26_102940_create_permission_tables',1);
INSERT INTO migrations VALUES(6,'2025_10_30_123653_create_products_table',1);
INSERT INTO migrations VALUES(7,'2025_10_30_123815_create_orders_table',1);
INSERT INTO migrations VALUES(8,'2025_10_30_123914_create_order_details_table',1);
INSERT INTO migrations VALUES(9,'2025_10_30_124003_create_invoices_table',1);
INSERT INTO migrations VALUES(10,'2025_10_30_124039_create_contents_table',1);
INSERT INTO migrations VALUES(11,'2025_11_01_093653_create_personal_access_tokens_table',1);
INSERT INTO migrations VALUES(12,'2025_12_28_112804_add_status_to_users_table',1);
INSERT INTO migrations VALUES(13,'2025_12_30_075016_add_b2b_fields_to_users_table',1);
INSERT INTO migrations VALUES(14,'2026_01_03_083534_add_status_to_products_table',1);
CREATE TABLE IF NOT EXISTS "users" ("id" integer primary key autoincrement not null, "name" varchar not null, "email" varchar not null, "email_verified_at" datetime, "password" varchar not null, "phone_number" varchar, "address" text, "role" varchar check ("role" in ('admin', 'klien_b2b')) not null default 'klien_b2b', "remember_token" varchar, "created_at" datetime, "updated_at" datetime, "two_factor_secret" text, "two_factor_recovery_codes" text, "two_factor_confirmed_at" datetime, "status" varchar check ("status" in ('Aktif', 'Non Aktif')) not null default 'Aktif');
INSERT INTO users VALUES(1,'Admin Le Croissant','admin@lecroissant.com','2026-01-09 11:43:05','$2y$12$70QssLWm.G/QKOkMfZTa0Orb7jhVppVGwkKoi5vor8FGV2KgsVS4i','1-615-487-4093',replace('55091 Zboncak Course\nZulaufview, ND 18721','\n',char(10)),'admin','2spmLx7rxJ','2026-01-09 11:43:06','2026-01-09 11:43:06','r6RQGquE8h','ALH7THyCCW','2026-01-09 11:43:06','Aktif');
INSERT INTO users VALUES(2,'Kulas-Lubowitz','ullrich.jason@example.net','2026-01-09 11:43:06','$2y$12$SzMAQ/ecLI1J2GQa8/va5OdSkBM4vRN4TzlhU/JygT.MAEkLb6oNy','+1-850-353-5595',replace('62878 Rene Fields Apt. 660\nBoehmshire, TX 29427','\n',char(10)),'klien_b2b','8RNBZDcBSt','2026-01-09 11:43:06','2026-01-09 11:43:06','rVVG1qvGtD','yN3tE5t8Xq','2026-01-09 11:43:06','Aktif');
INSERT INTO users VALUES(3,'Doyle, Ortiz and Green','xtromp@example.net','2026-01-09 11:43:06','$2y$12$SzMAQ/ecLI1J2GQa8/va5OdSkBM4vRN4TzlhU/JygT.MAEkLb6oNy','+1 (609) 622-8738',replace('16556 Schuster Row\nPort Robertaside, AL 42856-8479','\n',char(10)),'klien_b2b','GXCpA5fg2m','2026-01-09 11:43:06','2026-01-09 11:43:06','MZmHWAEFPW','w1glhjldq4','2026-01-09 11:43:06','Aktif');
INSERT INTO users VALUES(4,'Fisher, Blick and Oberbrunner','yasmin.dickens@example.com','2026-01-09 11:43:06','$2y$12$SzMAQ/ecLI1J2GQa8/va5OdSkBM4vRN4TzlhU/JygT.MAEkLb6oNy','425.694.2624',replace('17205 Fausto Courts Suite 335\nWest Karsonland, CT 67932-6780','\n',char(10)),'klien_b2b','0CiK8jMUTX','2026-01-09 11:43:06','2026-01-09 11:43:06','klFbiGZMp1','D2NxdnKc3v','2026-01-09 11:43:06','Aktif');
INSERT INTO users VALUES(5,'Gorczany PLC','xtorp@example.com','2026-01-09 11:43:06','$2y$12$SzMAQ/ecLI1J2GQa8/va5OdSkBM4vRN4TzlhU/JygT.MAEkLb6oNy','(757) 638-9644',replace('179 Treutel Green Suite 397\nCorbinfort, VA 27044-0540','\n',char(10)),'klien_b2b','EmZafrBYTP','2026-01-09 11:43:06','2026-01-09 11:43:06','6rxpIS8fnt','ohmxU61Q25','2026-01-09 11:43:06','Aktif');
INSERT INTO users VALUES(6,'Stanton Ltd','eulah.douglas@example.com','2026-01-09 11:43:06','$2y$12$SzMAQ/ecLI1J2GQa8/va5OdSkBM4vRN4TzlhU/JygT.MAEkLb6oNy','+1-762-577-7645',replace('77265 Kelley Lock\nLittelland, NE 51498','\n',char(10)),'klien_b2b','kUrnC6xk6F','2026-01-09 11:43:06','2026-01-09 11:43:06','BFmLACbBhN','4ieYS2N4RZ','2026-01-09 11:43:06','Aktif');
INSERT INTO users VALUES(7,'Muller, Rutherford and Zulauf','haag.steve@example.org','2026-01-09 11:43:06','$2y$12$SzMAQ/ecLI1J2GQa8/va5OdSkBM4vRN4TzlhU/JygT.MAEkLb6oNy','+1.628.586.5515',replace('4596 Adrain Rue Suite 324\nSouth Lunabury, AL 23176','\n',char(10)),'klien_b2b','luP5Kozvgu','2026-01-09 11:43:06','2026-01-09 11:43:06','h0sGQmWPOS','rrKjJpbVaS','2026-01-09 11:43:06','Aktif');
INSERT INTO users VALUES(8,'Morissette, Sauer and Cole','oking@example.org','2026-01-09 11:43:06','$2y$12$SzMAQ/ecLI1J2GQa8/va5OdSkBM4vRN4TzlhU/JygT.MAEkLb6oNy','+1-847-875-8948',replace('763 Hoeger Hills Apt. 589\nGlenland, WI 61086','\n',char(10)),'klien_b2b','p4k8MU9Ny5','2026-01-09 11:43:06','2026-01-09 11:43:06','QVpaVTuZQP','XywoIPoX3S','2026-01-09 11:43:06','Aktif');
INSERT INTO users VALUES(9,'Koch-Wintheiser','parisian.bernadine@example.org','2026-01-09 11:43:06','$2y$12$SzMAQ/ecLI1J2GQa8/va5OdSkBM4vRN4TzlhU/JygT.MAEkLb6oNy','(352) 631-0742',replace('264 Kian Turnpike\nLuettgenland, AR 67600-2692','\n',char(10)),'klien_b2b','jpsUGn91lc','2026-01-09 11:43:06','2026-01-09 11:43:06','O4qGgEzCi7','5eeH6Mgl3q','2026-01-09 11:43:06','Aktif');
INSERT INTO users VALUES(10,'Bechtelar, Fisher and Cole','lina.emmerich@example.net','2026-01-09 11:43:06','$2y$12$SzMAQ/ecLI1J2GQa8/va5OdSkBM4vRN4TzlhU/JygT.MAEkLb6oNy','443.521.3787',replace('2240 Krystina Lights Apt. 458\nLockmanstad, UT 71361-1455','\n',char(10)),'klien_b2b','5AWMjE8920','2026-01-09 11:43:06','2026-01-09 11:43:06','IvYt5ef4Tv','rl4VDcLqX9','2026-01-09 11:43:06','Aktif');
INSERT INTO users VALUES(11,'Klein, Nikolaus and Strosin','mertz.jordan@example.net','2026-01-09 11:43:06','$2y$12$SzMAQ/ecLI1J2GQa8/va5OdSkBM4vRN4TzlhU/JygT.MAEkLb6oNy','(334) 719-5912',replace('127 Reyna Walks Suite 283\nPatiencefort, KY 43612-0074','\n',char(10)),'klien_b2b','N5WtKAQtDD','2026-01-09 11:43:06','2026-01-09 11:43:06','aczZH4TY6h','nPq7pxs06n','2026-01-09 11:43:06','Aktif');
CREATE TABLE IF NOT EXISTS "password_reset_tokens" ("email" varchar not null, "token" varchar not null, "created_at" datetime, primary key ("email"));
CREATE TABLE IF NOT EXISTS "sessions" ("id" varchar not null, "user_id" integer, "ip_address" varchar, "user_agent" text, "payload" text not null, "last_activity" integer not null, primary key ("id"));
CREATE TABLE IF NOT EXISTS "cache" ("key" varchar not null, "value" text not null, "expiration" integer not null, primary key ("key"));
CREATE TABLE IF NOT EXISTS "cache_locks" ("key" varchar not null, "owner" varchar not null, "expiration" integer not null, primary key ("key"));
CREATE TABLE IF NOT EXISTS "jobs" ("id" integer primary key autoincrement not null, "queue" varchar not null, "payload" text not null, "attempts" integer not null, "reserved_at" integer, "available_at" integer not null, "created_at" integer not null);
CREATE TABLE IF NOT EXISTS "job_batches" ("id" varchar not null, "name" varchar not null, "total_jobs" integer not null, "pending_jobs" integer not null, "failed_jobs" integer not null, "failed_job_ids" text not null, "options" text, "cancelled_at" integer, "created_at" integer not null, "finished_at" integer, primary key ("id"));
CREATE TABLE IF NOT EXISTS "failed_jobs" ("id" integer primary key autoincrement not null, "uuid" varchar not null, "connection" text not null, "queue" text not null, "payload" text not null, "exception" text not null, "failed_at" datetime not null default CURRENT_TIMESTAMP);
CREATE TABLE IF NOT EXISTS "permissions" ("id" integer primary key autoincrement not null, "name" varchar not null, "guard_name" varchar not null, "created_at" datetime, "updated_at" datetime);
INSERT INTO permissions VALUES(1,'membuat user','web','2026-01-09 11:43:05','2026-01-09 11:43:05');
INSERT INTO permissions VALUES(2,'melihat user','web','2026-01-09 11:43:05','2026-01-09 11:43:05');
INSERT INTO permissions VALUES(3,'mengubah user','web','2026-01-09 11:43:05','2026-01-09 11:43:05');
INSERT INTO permissions VALUES(4,'menghapus user','web','2026-01-09 11:43:05','2026-01-09 11:43:05');
INSERT INTO permissions VALUES(5,'mengekspor user','web','2026-01-09 11:43:05','2026-01-09 11:43:05');
INSERT INTO permissions VALUES(6,'membuat role','web','2026-01-09 11:43:05','2026-01-09 11:43:05');
INSERT INTO permissions VALUES(7,'melihat role','web','2026-01-09 11:43:05','2026-01-09 11:43:05');
INSERT INTO permissions VALUES(8,'mengubah role','web','2026-01-09 11:43:05','2026-01-09 11:43:05');
INSERT INTO permissions VALUES(9,'menghapus role','web','2026-01-09 11:43:05','2026-01-09 11:43:05');
INSERT INTO permissions VALUES(10,'mengekspor role','web','2026-01-09 11:43:05','2026-01-09 11:43:05');
INSERT INTO permissions VALUES(11,'membuat produk','web','2026-01-09 11:43:05','2026-01-09 11:43:05');
INSERT INTO permissions VALUES(12,'melihat produk','web','2026-01-09 11:43:05','2026-01-09 11:43:05');
INSERT INTO permissions VALUES(13,'mengubah produk','web','2026-01-09 11:43:05','2026-01-09 11:43:05');
INSERT INTO permissions VALUES(14,'menghapus produk','web','2026-01-09 11:43:05','2026-01-09 11:43:05');
INSERT INTO permissions VALUES(15,'mengekspor produk','web','2026-01-09 11:43:05','2026-01-09 11:43:05');
INSERT INTO permissions VALUES(16,'membuat pesanan','web','2026-01-09 11:43:05','2026-01-09 11:43:05');
INSERT INTO permissions VALUES(17,'melihat pesanan','web','2026-01-09 11:43:05','2026-01-09 11:43:05');
INSERT INTO permissions VALUES(18,'mengubah pesanan','web','2026-01-09 11:43:05','2026-01-09 11:43:05');
INSERT INTO permissions VALUES(19,'menghapus pesanan','web','2026-01-09 11:43:05','2026-01-09 11:43:05');
INSERT INTO permissions VALUES(20,'mengekspor pesanan','web','2026-01-09 11:43:05','2026-01-09 11:43:05');
INSERT INTO permissions VALUES(21,'membuat klien','web','2026-01-09 11:43:05','2026-01-09 11:43:05');
INSERT INTO permissions VALUES(22,'melihat klien','web','2026-01-09 11:43:05','2026-01-09 11:43:05');
INSERT INTO permissions VALUES(23,'mengubah klien','web','2026-01-09 11:43:05','2026-01-09 11:43:05');
INSERT INTO permissions VALUES(24,'menghapus klien','web','2026-01-09 11:43:05','2026-01-09 11:43:05');
INSERT INTO permissions VALUES(25,'mengekspor klien','web','2026-01-09 11:43:05','2026-01-09 11:43:05');
INSERT INTO permissions VALUES(26,'membuat konten','web','2026-01-09 11:43:05','2026-01-09 11:43:05');
INSERT INTO permissions VALUES(27,'melihat konten','web','2026-01-09 11:43:05','2026-01-09 11:43:05');
INSERT INTO permissions VALUES(28,'mengubah konten','web','2026-01-09 11:43:05','2026-01-09 11:43:05');
INSERT INTO permissions VALUES(29,'menghapus konten','web','2026-01-09 11:43:05','2026-01-09 11:43:05');
INSERT INTO permissions VALUES(30,'mengekspor konten','web','2026-01-09 11:43:05','2026-01-09 11:43:05');
INSERT INTO permissions VALUES(31,'membuat invoice','web','2026-01-09 11:43:05','2026-01-09 11:43:05');
INSERT INTO permissions VALUES(32,'melihat invoice','web','2026-01-09 11:43:05','2026-01-09 11:43:05');
INSERT INTO permissions VALUES(33,'mengubah invoice','web','2026-01-09 11:43:05','2026-01-09 11:43:05');
INSERT INTO permissions VALUES(34,'menghapus invoice','web','2026-01-09 11:43:05','2026-01-09 11:43:05');
INSERT INTO permissions VALUES(35,'mengekspor invoice','web','2026-01-09 11:43:05','2026-01-09 11:43:05');
INSERT INTO permissions VALUES(36,'membuat profil','web','2026-01-09 11:43:05','2026-01-09 11:43:05');
INSERT INTO permissions VALUES(37,'melihat profil','web','2026-01-09 11:43:05','2026-01-09 11:43:05');
INSERT INTO permissions VALUES(38,'mengubah profil','web','2026-01-09 11:43:05','2026-01-09 11:43:05');
INSERT INTO permissions VALUES(39,'menghapus profil','web','2026-01-09 11:43:05','2026-01-09 11:43:05');
INSERT INTO permissions VALUES(40,'mengekspor profil','web','2026-01-09 11:43:05','2026-01-09 11:43:05');
INSERT INTO permissions VALUES(41,'akses godmode','web','2026-01-09 11:43:05','2026-01-09 11:43:05');
INSERT INTO permissions VALUES(42,'melihat activity log','web','2026-01-09 11:43:05','2026-01-09 11:43:05');
INSERT INTO permissions VALUES(43,'melihat log viewer','web','2026-01-09 11:43:05','2026-01-09 11:43:05');
INSERT INTO permissions VALUES(44,'mengekspor activity log','web','2026-01-09 11:43:05','2026-01-09 11:43:05');
INSERT INTO permissions VALUES(45,'mengelola users','web','2026-01-09 11:43:05','2026-01-09 11:43:05');
INSERT INTO permissions VALUES(46,'mengelola roles','web','2026-01-09 11:43:05','2026-01-09 11:43:05');
INSERT INTO permissions VALUES(47,'mengelola clients','web','2026-01-09 11:43:05','2026-01-09 11:43:05');
INSERT INTO permissions VALUES(48,'mengelola products','web','2026-01-09 11:43:05','2026-01-09 11:43:05');
INSERT INTO permissions VALUES(49,'mengelola orders','web','2026-01-09 11:43:05','2026-01-09 11:43:05');
INSERT INTO permissions VALUES(50,'mengubah status pesanan','web','2026-01-09 11:43:05','2026-01-09 11:43:05');
CREATE TABLE IF NOT EXISTS "roles" ("id" integer primary key autoincrement not null, "name" varchar not null, "guard_name" varchar not null, "created_at" datetime, "updated_at" datetime);
INSERT INTO roles VALUES(1,'Super Admin','web','2026-01-09 11:43:05','2026-01-09 11:43:05');
INSERT INTO roles VALUES(2,'Admin','web','2026-01-09 11:43:05','2026-01-09 11:43:05');
INSERT INTO roles VALUES(3,'Anggota','web','2026-01-09 11:43:05','2026-01-09 11:43:05');
CREATE TABLE IF NOT EXISTS "model_has_permissions" ("permission_id" integer not null, "model_type" varchar not null, "model_id" integer not null, foreign key("permission_id") references "permissions"("id") on delete cascade, primary key ("permission_id", "model_id", "model_type"));
CREATE TABLE IF NOT EXISTS "model_has_roles" ("role_id" integer not null, "model_type" varchar not null, "model_id" integer not null, foreign key("role_id") references "roles"("id") on delete cascade, primary key ("role_id", "model_id", "model_type"));
INSERT INTO model_has_roles VALUES(2,'App\Models\User',1);
INSERT INTO model_has_roles VALUES(3,'App\Models\User',2);
INSERT INTO model_has_roles VALUES(3,'App\Models\User',3);
INSERT INTO model_has_roles VALUES(3,'App\Models\User',4);
INSERT INTO model_has_roles VALUES(3,'App\Models\User',5);
INSERT INTO model_has_roles VALUES(3,'App\Models\User',6);
INSERT INTO model_has_roles VALUES(3,'App\Models\User',7);
INSERT INTO model_has_roles VALUES(3,'App\Models\User',8);
INSERT INTO model_has_roles VALUES(3,'App\Models\User',9);
INSERT INTO model_has_roles VALUES(3,'App\Models\User',10);
INSERT INTO model_has_roles VALUES(3,'App\Models\User',11);
CREATE TABLE IF NOT EXISTS "role_has_permissions" ("permission_id" integer not null, "role_id" integer not null, foreign key("permission_id") references "permissions"("id") on delete cascade, foreign key("role_id") references "roles"("id") on delete cascade, primary key ("permission_id", "role_id"));
INSERT INTO role_has_permissions VALUES(1,1);
INSERT INTO role_has_permissions VALUES(2,1);
INSERT INTO role_has_permissions VALUES(3,1);
INSERT INTO role_has_permissions VALUES(4,1);
INSERT INTO role_has_permissions VALUES(5,1);
INSERT INTO role_has_permissions VALUES(6,1);
INSERT INTO role_has_permissions VALUES(7,1);
INSERT INTO role_has_permissions VALUES(8,1);
INSERT INTO role_has_permissions VALUES(9,1);
INSERT INTO role_has_permissions VALUES(10,1);
INSERT INTO role_has_permissions VALUES(11,1);
INSERT INTO role_has_permissions VALUES(12,1);
INSERT INTO role_has_permissions VALUES(13,1);
INSERT INTO role_has_permissions VALUES(14,1);
INSERT INTO role_has_permissions VALUES(15,1);
INSERT INTO role_has_permissions VALUES(16,1);
INSERT INTO role_has_permissions VALUES(17,1);
INSERT INTO role_has_permissions VALUES(18,1);
INSERT INTO role_has_permissions VALUES(19,1);
INSERT INTO role_has_permissions VALUES(20,1);
INSERT INTO role_has_permissions VALUES(21,1);
INSERT INTO role_has_permissions VALUES(22,1);
INSERT INTO role_has_permissions VALUES(23,1);
INSERT INTO role_has_permissions VALUES(24,1);
INSERT INTO role_has_permissions VALUES(25,1);
INSERT INTO role_has_permissions VALUES(26,1);
INSERT INTO role_has_permissions VALUES(27,1);
INSERT INTO role_has_permissions VALUES(28,1);
INSERT INTO role_has_permissions VALUES(29,1);
INSERT INTO role_has_permissions VALUES(30,1);
INSERT INTO role_has_permissions VALUES(31,1);
INSERT INTO role_has_permissions VALUES(32,1);
INSERT INTO role_has_permissions VALUES(33,1);
INSERT INTO role_has_permissions VALUES(34,1);
INSERT INTO role_has_permissions VALUES(35,1);
INSERT INTO role_has_permissions VALUES(36,1);
INSERT INTO role_has_permissions VALUES(37,1);
INSERT INTO role_has_permissions VALUES(38,1);
INSERT INTO role_has_permissions VALUES(39,1);
INSERT INTO role_has_permissions VALUES(40,1);
INSERT INTO role_has_permissions VALUES(41,1);
INSERT INTO role_has_permissions VALUES(42,1);
INSERT INTO role_has_permissions VALUES(43,1);
INSERT INTO role_has_permissions VALUES(44,1);
INSERT INTO role_has_permissions VALUES(45,1);
INSERT INTO role_has_permissions VALUES(46,1);
INSERT INTO role_has_permissions VALUES(47,1);
INSERT INTO role_has_permissions VALUES(48,1);
INSERT INTO role_has_permissions VALUES(49,1);
INSERT INTO role_has_permissions VALUES(50,1);
INSERT INTO role_has_permissions VALUES(41,2);
INSERT INTO role_has_permissions VALUES(45,2);
INSERT INTO role_has_permissions VALUES(46,2);
INSERT INTO role_has_permissions VALUES(47,2);
INSERT INTO role_has_permissions VALUES(48,2);
INSERT INTO role_has_permissions VALUES(49,2);
INSERT INTO role_has_permissions VALUES(2,2);
INSERT INTO role_has_permissions VALUES(1,2);
INSERT INTO role_has_permissions VALUES(3,2);
INSERT INTO role_has_permissions VALUES(4,2);
INSERT INTO role_has_permissions VALUES(12,2);
INSERT INTO role_has_permissions VALUES(11,2);
INSERT INTO role_has_permissions VALUES(13,2);
INSERT INTO role_has_permissions VALUES(14,2);
INSERT INTO role_has_permissions VALUES(17,2);
INSERT INTO role_has_permissions VALUES(18,2);
INSERT INTO role_has_permissions VALUES(50,2);
INSERT INTO role_has_permissions VALUES(20,2);
INSERT INTO role_has_permissions VALUES(32,2);
INSERT INTO role_has_permissions VALUES(35,2);
INSERT INTO role_has_permissions VALUES(27,2);
INSERT INTO role_has_permissions VALUES(28,2);
INSERT INTO role_has_permissions VALUES(42,2);
INSERT INTO role_has_permissions VALUES(44,2);
INSERT INTO role_has_permissions VALUES(43,2);
INSERT INTO role_has_permissions VALUES(12,3);
INSERT INTO role_has_permissions VALUES(16,3);
INSERT INTO role_has_permissions VALUES(17,3);
INSERT INTO role_has_permissions VALUES(32,3);
INSERT INTO role_has_permissions VALUES(37,3);
INSERT INTO role_has_permissions VALUES(38,3);
CREATE TABLE IF NOT EXISTS "products" ("id" integer primary key autoincrement not null, "name" varchar not null, "description" text, "price_b2b" numeric not null, "stock" integer not null, "image_url" varchar, "created_at" datetime, "updated_at" datetime, "status" varchar not null default 'Aktif');
INSERT INTO products VALUES(1,'debitis beatae omnis','Blanditiis enim cupiditate ea non et autem et eaque. Vel dolorum expedita maiores.',99529,121,'https://via.placeholder.com/640x480.png?text=Le+Croissant+Product','2026-01-09 11:43:06','2026-01-09 11:43:06','Aktif');
INSERT INTO products VALUES(2,'eum fugit rerum','Commodi delectus quia alias quae. Officia excepturi quia dolorum aliquam quos vel maxime. Quisquam mollitia mollitia repudiandae labore dolor.',28292,110,'https://via.placeholder.com/640x480.png?text=Le+Croissant+Product','2026-01-09 11:43:06','2026-01-09 11:43:06','Aktif');
INSERT INTO products VALUES(3,'culpa dolorum eum','Aspernatur non iste quis laborum rerum. Aut vel sit aspernatur.',92614,184,'https://via.placeholder.com/640x480.png?text=Le+Croissant+Product','2026-01-09 11:43:06','2026-01-09 11:43:06','Aktif');
INSERT INTO products VALUES(4,'consequuntur necessitatibus nulla','Explicabo quaerat aut enim dolores sed unde et aut. Voluptatum explicabo ut maxime voluptatem odio voluptatibus et.',91669,197,'https://via.placeholder.com/640x480.png?text=Le+Croissant+Product','2026-01-09 11:43:06','2026-01-09 11:43:06','Aktif');
INSERT INTO products VALUES(5,'eius harum sunt','Fugiat asperiores expedita incidunt et exercitationem odio. Hic quia quaerat magni ad est quia numquam. Consequatur quis facere et ipsum.',24546,159,'https://via.placeholder.com/640x480.png?text=Le+Croissant+Product','2026-01-09 11:43:06','2026-01-09 11:43:06','Aktif');
INSERT INTO products VALUES(6,'nobis sunt molestiae','Et aperiam dolorem nostrum officiis placeat sint. Quas expedita molestiae aut consequatur voluptas voluptas in. Neque voluptatum nesciunt corrupti quia harum.',53860,175,'https://via.placeholder.com/640x480.png?text=Le+Croissant+Product','2026-01-09 11:43:06','2026-01-09 11:43:06','Aktif');
INSERT INTO products VALUES(7,'odit labore et','Fuga at qui illo maxime fugiat placeat. Minima ut iure tempore ut ut ipsum totam. Voluptatibus maxime atque suscipit nesciunt.',85868,129,'https://via.placeholder.com/640x480.png?text=Le+Croissant+Product','2026-01-09 11:43:06','2026-01-09 11:43:06','Aktif');
INSERT INTO products VALUES(8,'et consequatur beatae','Maxime nostrum dolorum explicabo necessitatibus in vero. Laboriosam adipisci quos eaque dignissimos harum enim assumenda.',97367,51,'https://via.placeholder.com/640x480.png?text=Le+Croissant+Product','2026-01-09 11:43:06','2026-01-09 11:43:06','Aktif');
INSERT INTO products VALUES(9,'voluptatem odio suscipit','Et soluta rerum quaerat iste eos. Ea at natus est expedita fugit.',97073,168,'https://via.placeholder.com/640x480.png?text=Le+Croissant+Product','2026-01-09 11:43:06','2026-01-09 11:43:06','Aktif');
INSERT INTO products VALUES(10,'qui tenetur doloribus','Est voluptas quasi ipsa illum veniam excepturi. Rerum velit magni sequi iusto. Dicta et et impedit id.',60518,52,'https://via.placeholder.com/640x480.png?text=Le+Croissant+Product','2026-01-09 11:43:06','2026-01-09 11:43:06','Aktif');
INSERT INTO products VALUES(11,'ipsum hic unde','Quis quia cumque iusto voluptatem sequi quae. Molestiae aperiam adipisci rerum qui eos hic.',53874,188,'https://via.placeholder.com/640x480.png?text=Le+Croissant+Product','2026-01-09 11:43:06','2026-01-09 11:43:06','Aktif');
INSERT INTO products VALUES(12,'blanditiis voluptatum ipsum','Debitis maiores maiores fugit voluptas mollitia. Odio veritatis omnis repellat consequuntur dolores et.',60922,67,'https://via.placeholder.com/640x480.png?text=Le+Croissant+Product','2026-01-09 11:43:06','2026-01-09 11:43:06','Aktif');
INSERT INTO products VALUES(13,'fugiat ut quibusdam','Rerum velit excepturi quo aut. Facere culpa ratione eius quos dignissimos velit.',94263,113,'https://via.placeholder.com/640x480.png?text=Le+Croissant+Product','2026-01-09 11:43:06','2026-01-09 11:43:06','Aktif');
INSERT INTO products VALUES(14,'repudiandae cumque amet','Fugit similique mollitia rerum et praesentium. Et aut deserunt vero sequi expedita saepe.',52227,149,'https://via.placeholder.com/640x480.png?text=Le+Croissant+Product','2026-01-09 11:43:06','2026-01-09 11:43:06','Aktif');
INSERT INTO products VALUES(15,'quod alias accusantium','Beatae voluptates sint quod eum debitis rerum facilis consequatur. Aut facere aliquid eveniet quia sunt.',61048,62,'https://via.placeholder.com/640x480.png?text=Le+Croissant+Product','2026-01-09 11:43:06','2026-01-09 11:43:06','Aktif');
INSERT INTO products VALUES(16,'et eius rem','Aut autem perferendis cumque aut. Ad expedita ut et enim rerum. Dolores et nihil asperiores numquam occaecati et perferendis.',64728,100,'https://via.placeholder.com/640x480.png?text=Le+Croissant+Product','2026-01-09 11:43:06','2026-01-09 11:43:06','Aktif');
INSERT INTO products VALUES(17,'dolor sit consequatur','Omnis neque perferendis sint temporibus dolorem. Dolor dignissimos veritatis voluptas aut officiis similique molestiae.',42557,200,'https://via.placeholder.com/640x480.png?text=Le+Croissant+Product','2026-01-09 11:43:06','2026-01-09 11:43:06','Aktif');
INSERT INTO products VALUES(18,'velit dolores deleniti','Maxime eveniet assumenda sunt officia blanditiis recusandae. Quisquam vel sequi error itaque odit ducimus qui. Laborum architecto voluptatem occaecati ex expedita eius ut sit.',62140,150,'https://via.placeholder.com/640x480.png?text=Le+Croissant+Product','2026-01-09 11:43:06','2026-01-09 11:43:06','Aktif');
INSERT INTO products VALUES(19,'delectus fuga et','Error nobis nemo sequi possimus quam fugit provident. Provident dolores sed voluptatem eligendi doloremque. Repellat rem nihil sequi.',21369,55,'https://via.placeholder.com/640x480.png?text=Le+Croissant+Product','2026-01-09 11:43:06','2026-01-09 11:43:06','Aktif');
INSERT INTO products VALUES(20,'non error aut','Vel voluptatem quae qui esse ut vero. Natus eius enim expedita temporibus officiis nobis.',56000,133,'https://via.placeholder.com/640x480.png?text=Le+Croissant+Product','2026-01-09 11:43:06','2026-01-09 11:43:06','Aktif');
CREATE TABLE IF NOT EXISTS "orders" ("id" integer primary key autoincrement not null, "user_id" integer not null, "delivery_date" date not null, "status" varchar not null default 'menunggu_konfirmasi', "total_price" numeric, "special_notes" text, "created_at" datetime, "updated_at" datetime, foreign key("user_id") references "users"("id") on delete cascade);
INSERT INTO orders VALUES(1,10,'2026-01-16 08:21:39','selesai',2233161,'Adipisci eos voluptatem officia laborum est magnam laborum.','2026-01-09 11:43:06','2026-01-09 11:43:06');
INSERT INTO orders VALUES(2,10,'2026-01-10 21:17:25','diproses',1818040,'Nesciunt consectetur consequatur rerum nisi nostrum soluta.','2026-01-09 11:43:06','2026-01-09 11:43:06');
INSERT INTO orders VALUES(3,10,'2026-01-14 00:31:48','selesai',1077480,'Qui quis explicabo est qui fugit atque vero.','2026-01-09 11:43:06','2026-01-09 11:43:06');
INSERT INTO orders VALUES(4,10,'2026-01-14 03:18:13','diproses',807820,'Sit error numquam voluptatum tempore aut sapiente quod.','2026-01-09 11:43:06','2026-01-09 11:43:06');
INSERT INTO orders VALUES(5,10,'2026-01-14 12:59:58','selesai',2224539,'Omnis necessitatibus inventore voluptatem voluptatibus quae sit qui.','2026-01-09 11:43:06','2026-01-09 11:43:06');
INSERT INTO orders VALUES(6,10,'2026-01-14 14:33:15','selesai',463070,'Ullam dolorem ut doloribus veniam doloremque.','2026-01-09 11:43:06','2026-01-09 11:43:06');
INSERT INTO orders VALUES(7,10,'2026-01-11 17:09:57','menunggu_konfirmasi',1322799,'Eveniet est dolorem voluptates expedita nihil commodi et corrupti.','2026-01-09 11:43:06','2026-01-09 11:43:06');
INSERT INTO orders VALUES(8,10,'2026-01-13 01:03:59','menunggu_konfirmasi',2474858,'Nemo sit deleniti optio velit enim modi ipsa quas.','2026-01-09 11:43:06','2026-01-09 11:43:06');
INSERT INTO orders VALUES(9,10,'2026-01-12 08:44:16','menunggu_konfirmasi',597174,'Soluta quibusdam est dolor est tempore.','2026-01-09 11:43:06','2026-01-09 11:43:06');
INSERT INTO orders VALUES(10,10,'2026-01-15 08:06:24','diproses',2038950,'Et et qui et exercitationem at.','2026-01-09 11:43:06','2026-01-09 11:43:06');
INSERT INTO orders VALUES(11,10,'2026-01-12 03:40:47','selesai',2163386,'Nihil sunt est iusto quo consequuntur consequatur qui.','2026-01-09 11:43:06','2026-01-09 11:43:06');
INSERT INTO orders VALUES(12,10,'2026-01-14 05:30:53','selesai',955887,'Nostrum qui sunt amet iusto molestiae eaque nihil.','2026-01-09 11:43:06','2026-01-09 11:43:06');
INSERT INTO orders VALUES(13,10,'2026-01-11 13:30:57','diproses',384642,'Optio eos dolor voluptatem incidunt in provident.','2026-01-09 11:43:06','2026-01-09 11:43:06');
INSERT INTO orders VALUES(14,10,'2026-01-12 23:18:05','selesai',426454,'Tempore numquam odit corporis nihil consequuntur iusto.','2026-01-09 11:43:06','2026-01-09 11:43:06');
INSERT INTO orders VALUES(15,10,'2026-01-15 18:51:49','diproses',2070059,'Sed in et ab nobis quod sequi.','2026-01-09 11:43:06','2026-01-09 11:43:06');
INSERT INTO orders VALUES(16,10,'2026-01-15 06:49:01','selesai',861760,'Ut quis distinctio inventore sit aut est.','2026-01-09 11:43:06','2026-01-09 11:43:06');
INSERT INTO orders VALUES(17,10,'2026-01-14 00:18:06','selesai',1118520,'Quia expedita dicta minus natus ut sunt expedita.','2026-01-09 11:43:06','2026-01-09 11:43:06');
INSERT INTO orders VALUES(18,10,'2026-01-11 18:50:42','diproses',1591670,'Natus reprehenderit aperiam sit ut cum qui et.','2026-01-09 11:43:06','2026-01-09 11:43:06');
INSERT INTO orders VALUES(19,10,'2026-01-11 19:37:54','selesai',1905180,'Error amet et laudantium vero voluptatibus deleniti dolores repellat.','2026-01-09 11:43:06','2026-01-09 11:43:06');
INSERT INTO orders VALUES(20,10,'2026-01-16 04:09:00','diproses',1973650,'Ullam recusandae dolor iste dolorum hic quia aliquam.','2026-01-09 11:43:06','2026-01-09 11:43:06');
INSERT INTO orders VALUES(21,10,'2026-01-11 06:34:33','selesai',1443768,'Quam mollitia aut repellat quia est dolores aspernatur tempora.','2026-01-09 11:43:06','2026-01-09 11:43:06');
INSERT INTO orders VALUES(22,10,'2026-01-14 06:47:54','menunggu_konfirmasi',2088198,'Quisquam quia assumenda sunt qui consectetur.','2026-01-09 11:43:06','2026-01-09 11:43:06');
INSERT INTO orders VALUES(23,10,'2026-01-15 06:31:44','selesai',973670,'Ad vel soluta ipsa laboriosam eligendi voluptas ratione.','2026-01-09 11:43:06','2026-01-09 11:43:06');
INSERT INTO orders VALUES(24,10,'2026-01-12 23:43:14','selesai',3072635,'Consequatur maxime explicabo exercitationem sit nam provident numquam.','2026-01-09 11:43:06','2026-01-09 11:43:06');
INSERT INTO orders VALUES(25,10,'2026-01-12 17:42:08','menunggu_konfirmasi',149583,'Perferendis laboriosam odio corporis dolores.','2026-01-09 11:43:06','2026-01-09 11:43:06');
INSERT INTO orders VALUES(26,10,'2026-01-13 23:38:56','selesai',1023606,'Facilis qui ullam nisi eligendi.','2026-01-09 11:43:06','2026-01-09 11:43:06');
INSERT INTO orders VALUES(27,10,'2026-01-15 08:09:21','selesai',1124428,'Qui fugit tempora et ut omnis.','2026-01-09 11:43:06','2026-01-09 11:43:06');
INSERT INTO orders VALUES(28,10,'2026-01-14 06:47:05','menunggu_konfirmasi',2240350,'Adipisci fugiat ad explicabo explicabo.','2026-01-09 11:43:06','2026-01-09 11:43:06');
INSERT INTO orders VALUES(29,10,'2026-01-12 17:22:36','menunggu_konfirmasi',2644753,'Nesciunt itaque quia dolores quis neque perspiciatis ut dolores.','2026-01-09 11:43:06','2026-01-09 11:43:06');
INSERT INTO orders VALUES(30,10,'2026-01-15 12:51:31','menunggu_konfirmasi',671528,'Ab laudantium ex ut.','2026-01-09 11:43:06','2026-01-09 11:43:06');
CREATE TABLE IF NOT EXISTS "order_details" ("id" integer primary key autoincrement not null, "order_id" integer not null, "product_id" integer not null, "quantity" integer not null, "price_at_purchase" numeric not null, "created_at" datetime, "updated_at" datetime, foreign key("order_id") references "orders"("id") on delete cascade, foreign key("product_id") references "products"("id") on delete cascade);
INSERT INTO order_details VALUES(1,1,1,15,99529,NULL,NULL);
INSERT INTO order_details VALUES(2,1,10,6,60518,NULL,NULL);
INSERT INTO order_details VALUES(3,1,11,7,53874,NULL,NULL);
INSERT INTO order_details VALUES(4,2,6,14,53860,NULL,NULL);
INSERT INTO order_details VALUES(5,2,20,19,56000,NULL,NULL);
INSERT INTO order_details VALUES(6,3,11,20,53874,NULL,NULL);
INSERT INTO order_details VALUES(7,4,18,13,62140,NULL,NULL);
INSERT INTO order_details VALUES(8,5,4,18,91669,NULL,NULL);
INSERT INTO order_details VALUES(9,5,14,11,52227,NULL,NULL);
INSERT INTO order_details VALUES(10,6,3,5,92614,NULL,NULL);
INSERT INTO order_details VALUES(11,7,15,14,61048,NULL,NULL);
INSERT INTO order_details VALUES(12,7,17,11,42557,NULL,NULL);
INSERT INTO order_details VALUES(13,8,4,9,91669,NULL,NULL);
INSERT INTO order_details VALUES(14,8,12,18,60922,NULL,NULL);
INSERT INTO order_details VALUES(15,8,17,13,42557,NULL,NULL);
INSERT INTO order_details VALUES(16,9,1,6,99529,NULL,NULL);
INSERT INTO order_details VALUES(17,10,14,18,52227,NULL,NULL);
INSERT INTO order_details VALUES(18,10,15,18,61048,NULL,NULL);
INSERT INTO order_details VALUES(19,11,11,9,53874,NULL,NULL);
INSERT INTO order_details VALUES(20,11,18,18,62140,NULL,NULL);
INSERT INTO order_details VALUES(21,11,20,10,56000,NULL,NULL);
INSERT INTO order_details VALUES(22,12,11,11,53874,NULL,NULL);
INSERT INTO order_details VALUES(23,12,19,17,21369,NULL,NULL);
INSERT INTO order_details VALUES(24,13,19,18,21369,NULL,NULL);
INSERT INTO order_details VALUES(25,14,12,7,60922,NULL,NULL);
INSERT INTO order_details VALUES(26,15,9,13,97073,NULL,NULL);
INSERT INTO order_details VALUES(27,15,11,15,53874,NULL,NULL);
INSERT INTO order_details VALUES(28,16,6,16,53860,NULL,NULL);
INSERT INTO order_details VALUES(29,17,18,18,62140,NULL,NULL);
INSERT INTO order_details VALUES(30,18,5,18,24546,NULL,NULL);
INSERT INTO order_details VALUES(31,18,10,19,60518,NULL,NULL);
INSERT INTO order_details VALUES(32,19,12,6,60922,NULL,NULL);
INSERT INTO order_details VALUES(33,19,16,16,64728,NULL,NULL);
INSERT INTO order_details VALUES(34,19,20,9,56000,NULL,NULL);
INSERT INTO order_details VALUES(35,20,2,8,28292,NULL,NULL);
INSERT INTO order_details VALUES(36,20,9,18,97073,NULL,NULL);
INSERT INTO order_details VALUES(37,21,11,20,53874,NULL,NULL);
INSERT INTO order_details VALUES(38,21,15,6,61048,NULL,NULL);
INSERT INTO order_details VALUES(39,22,5,16,24546,NULL,NULL);
INSERT INTO order_details VALUES(40,22,13,13,94263,NULL,NULL);
INSERT INTO order_details VALUES(41,22,14,9,52227,NULL,NULL);
INSERT INTO order_details VALUES(42,23,8,10,97367,NULL,NULL);
INSERT INTO order_details VALUES(43,24,3,19,92614,NULL,NULL);
INSERT INTO order_details VALUES(44,24,4,11,91669,NULL,NULL);
INSERT INTO order_details VALUES(45,24,12,5,60922,NULL,NULL);
INSERT INTO order_details VALUES(46,25,19,7,21369,NULL,NULL);
INSERT INTO order_details VALUES(47,26,11,19,53874,NULL,NULL);
INSERT INTO order_details VALUES(48,27,7,6,85868,NULL,NULL);
INSERT INTO order_details VALUES(49,27,12,10,60922,NULL,NULL);
INSERT INTO order_details VALUES(50,28,3,15,92614,NULL,NULL);
INSERT INTO order_details VALUES(51,28,17,20,42557,NULL,NULL);
INSERT INTO order_details VALUES(52,29,4,17,91669,NULL,NULL);
INSERT INTO order_details VALUES(53,29,17,19,42557,NULL,NULL);
INSERT INTO order_details VALUES(54,29,19,13,21369,NULL,NULL);
INSERT INTO order_details VALUES(55,30,15,11,61048,NULL,NULL);
CREATE TABLE IF NOT EXISTS "invoices" ("id" integer primary key autoincrement not null, "order_id" integer not null, "invoice_number" varchar not null, "status" varchar not null default 'unpaid', "due_date" date not null, "created_at" datetime, "updated_at" datetime, foreign key("order_id") references "orders"("id") on delete cascade);
INSERT INTO invoices VALUES(1,1,'INV/20260109/29536','unpaid','2026-01-17 13:02:06','2026-01-09 11:43:06','2026-01-09 11:43:06');
INSERT INTO invoices VALUES(2,2,'INV/20260109/41538','unpaid','2026-02-08 07:11:49','2026-01-09 11:43:06','2026-01-09 11:43:06');
INSERT INTO invoices VALUES(3,3,'INV/20260109/1514','unpaid','2026-01-26 03:00:48','2026-01-09 11:43:06','2026-01-09 11:43:06');
INSERT INTO invoices VALUES(4,4,'INV/20260109/50525','unpaid','2026-01-28 07:15:05','2026-01-09 11:43:06','2026-01-09 11:43:06');
INSERT INTO invoices VALUES(5,5,'INV/20260109/43509','unpaid','2026-01-24 23:51:08','2026-01-09 11:43:06','2026-01-09 11:43:06');
INSERT INTO invoices VALUES(6,6,'INV/20260109/57296','unpaid','2026-01-31 16:05:47','2026-01-09 11:43:06','2026-01-09 11:43:06');
INSERT INTO invoices VALUES(7,7,'INV/20260109/480','unpaid','2026-01-26 17:51:32','2026-01-09 11:43:06','2026-01-09 11:43:06');
INSERT INTO invoices VALUES(8,8,'INV/20260109/4550','unpaid','2026-01-17 13:10:59','2026-01-09 11:43:06','2026-01-09 11:43:06');
INSERT INTO invoices VALUES(9,9,'INV/20260109/69533','unpaid','2026-02-05 19:31:49','2026-01-09 11:43:06','2026-01-09 11:43:06');
INSERT INTO invoices VALUES(10,10,'INV/20260109/95318','unpaid','2026-01-23 19:35:43','2026-01-09 11:43:06','2026-01-09 11:43:06');
INSERT INTO invoices VALUES(11,11,'INV/20260109/51102','unpaid','2026-01-17 15:02:11','2026-01-09 11:43:06','2026-01-09 11:43:06');
INSERT INTO invoices VALUES(12,12,'INV/20260109/20858','unpaid','2026-02-04 12:11:26','2026-01-09 11:43:06','2026-01-09 11:43:06');
INSERT INTO invoices VALUES(13,13,'INV/20260109/6295','unpaid','2026-01-31 22:27:44','2026-01-09 11:43:06','2026-01-09 11:43:06');
INSERT INTO invoices VALUES(14,14,'INV/20260109/4965','unpaid','2026-02-02 12:08:34','2026-01-09 11:43:06','2026-01-09 11:43:06');
INSERT INTO invoices VALUES(15,15,'INV/20260109/91819','unpaid','2026-01-17 08:44:24','2026-01-09 11:43:06','2026-01-09 11:43:06');
INSERT INTO invoices VALUES(16,16,'INV/20260109/63543','unpaid','2026-02-01 01:50:52','2026-01-09 11:43:06','2026-01-09 11:43:06');
INSERT INTO invoices VALUES(17,17,'INV/20260109/93048','unpaid','2026-01-22 12:30:29','2026-01-09 11:43:06','2026-01-09 11:43:06');
INSERT INTO invoices VALUES(18,18,'INV/20260109/37805','unpaid','2026-01-17 15:06:41','2026-01-09 11:43:06','2026-01-09 11:43:06');
INSERT INTO invoices VALUES(19,19,'INV/20260109/64925','unpaid','2026-01-23 13:53:42','2026-01-09 11:43:06','2026-01-09 11:43:06');
INSERT INTO invoices VALUES(20,20,'INV/20260109/42155','unpaid','2026-01-28 14:07:47','2026-01-09 11:43:06','2026-01-09 11:43:06');
INSERT INTO invoices VALUES(21,21,'INV/20260109/95218','unpaid','2026-02-06 11:37:42','2026-01-09 11:43:06','2026-01-09 11:43:06');
INSERT INTO invoices VALUES(22,22,'INV/20260109/18734','unpaid','2026-01-25 11:08:43','2026-01-09 11:43:06','2026-01-09 11:43:06');
INSERT INTO invoices VALUES(23,23,'INV/20260109/25380','unpaid','2026-01-27 09:11:38','2026-01-09 11:43:06','2026-01-09 11:43:06');
INSERT INTO invoices VALUES(24,24,'INV/20260109/15404','unpaid','2026-02-08 00:42:10','2026-01-09 11:43:06','2026-01-09 11:43:06');
INSERT INTO invoices VALUES(25,25,'INV/20260109/85491','unpaid','2026-01-29 06:48:27','2026-01-09 11:43:06','2026-01-09 11:43:06');
INSERT INTO invoices VALUES(26,26,'INV/20260109/88927','unpaid','2026-01-24 16:37:28','2026-01-09 11:43:06','2026-01-09 11:43:06');
INSERT INTO invoices VALUES(27,27,'INV/20260109/284','unpaid','2026-02-07 03:20:11','2026-01-09 11:43:06','2026-01-09 11:43:06');
INSERT INTO invoices VALUES(28,28,'INV/20260109/67803','unpaid','2026-02-08 13:45:10','2026-01-09 11:43:06','2026-01-09 11:43:06');
INSERT INTO invoices VALUES(29,29,'INV/20260109/10708','unpaid','2026-01-23 21:00:04','2026-01-09 11:43:06','2026-01-09 11:43:06');
INSERT INTO invoices VALUES(30,30,'INV/20260109/41377','unpaid','2026-01-18 10:39:03','2026-01-09 11:43:06','2026-01-09 11:43:06');
CREATE TABLE IF NOT EXISTS "contents" ("id" integer primary key autoincrement not null, "slug" varchar not null, "title" varchar not null, "body" text not null, "created_at" datetime, "updated_at" datetime);
INSERT INTO contents VALUES(1,'tentang-kami','Tentang Kami','Ini adalah halaman yang menjelaskan tentang Le Croissant...','2026-01-09 11:43:06','2026-01-09 11:43:06');
INSERT INTO contents VALUES(2,'kontak','Hubungi Kami','Informasi kontak Le Croissant ada di sini...','2026-01-09 11:43:06','2026-01-09 11:43:06');
CREATE TABLE IF NOT EXISTS "personal_access_tokens" ("id" integer primary key autoincrement not null, "tokenable_type" varchar not null, "tokenable_id" integer not null, "name" text not null, "token" varchar not null, "abilities" text, "last_used_at" datetime, "expires_at" datetime, "created_at" datetime, "updated_at" datetime);
DELETE FROM sqlite_sequence;
INSERT INTO sqlite_sequence VALUES('migrations',14);
INSERT INTO sqlite_sequence VALUES('permissions',50);
INSERT INTO sqlite_sequence VALUES('roles',3);
INSERT INTO sqlite_sequence VALUES('users',11);
INSERT INTO sqlite_sequence VALUES('products',20);
INSERT INTO sqlite_sequence VALUES('contents',2);
INSERT INTO sqlite_sequence VALUES('orders',30);
INSERT INTO sqlite_sequence VALUES('order_details',55);
INSERT INTO sqlite_sequence VALUES('invoices',30);
CREATE UNIQUE INDEX "users_email_unique" on "users" ("email");
CREATE INDEX "sessions_user_id_index" on "sessions" ("user_id");
CREATE INDEX "sessions_last_activity_index" on "sessions" ("last_activity");
CREATE INDEX "jobs_queue_index" on "jobs" ("queue");
CREATE UNIQUE INDEX "failed_jobs_uuid_unique" on "failed_jobs" ("uuid");
CREATE UNIQUE INDEX "permissions_name_guard_name_unique" on "permissions" ("name", "guard_name");
CREATE UNIQUE INDEX "roles_name_guard_name_unique" on "roles" ("name", "guard_name");
CREATE INDEX "model_has_permissions_model_id_model_type_index" on "model_has_permissions" ("model_id", "model_type");
CREATE INDEX "model_has_roles_model_id_model_type_index" on "model_has_roles" ("model_id", "model_type");
CREATE UNIQUE INDEX "invoices_invoice_number_unique" on "invoices" ("invoice_number");
CREATE UNIQUE INDEX "contents_slug_unique" on "contents" ("slug");
CREATE INDEX "personal_access_tokens_tokenable_type_tokenable_id_index" on "personal_access_tokens" ("tokenable_type", "tokenable_id");
CREATE UNIQUE INDEX "personal_access_tokens_token_unique" on "personal_access_tokens" ("token");
CREATE INDEX "personal_access_tokens_expires_at_index" on "personal_access_tokens" ("expires_at");
COMMIT;
